INSERT INTO bus(id, modificationCounter, numberPlate, color, picture,lineId, "TIMESTAMP") VALUES
                           (1, 0, 'bus1numberPlate', 'blue', 'bus1pic.jpg',1, '2004-10-19 10:23:54'),
                           (2, 0, 'bus2numberPlate', 'blue', 'bus2pic.jpg',1, '2004-10-19 10:23:54'),
                           (3, 0, 'bus3numberPlate', 'blue', 'bus3pic.jpg',2, '2004-10-19 10:23:54'),
                           (4, 0, 'bus4numberPlate', 'blue', 'bus4pic.jpg',2, '2004-10-19 10:23:54'),
                           (5, 0, 'bus5numberPlate', 'blue', 'bus5pic.jpg',3, '2004-10-23 10:23:54');


INSERT INTO line(id, modificationcounter, name, routeId, "TIMESTAMP")VALUES
				       (1, 0, 'line1name', 1, '2004-10-19 10:23:54'),
					   (2, 0, 'line2name', 2, '2004-10-19 10:23:54'),
					   (3, 0, 'line3name', 3, '2004-10-29 10:23:54');

INSERT INTO ROUTE(id, modificationcounter,route, "TIMESTAMP")
    VALUES (1,0,'11.168046,-12.120307;11.268046,-12.220307;11.368046,-12.320307','2004-10-19 10:23:54'),
                  (2,0,'7.749749422073363,49.42727691523881;7.74945,49.42678;7.74935,49.42649;7.7493,49.42524;7.74939,49.42384;7.74937,49.42328;7.75349,49.42257;7.75408,49.42266;7.7543,49.42278;7.75445,49.42294;7.75498,49.42416;7.75516,49.42421;7.75625,49.42402;7.75693,49.42571;7.7569,49.42583;7.7568,49.42588;7.7543,49.4263;7.75413,49.42617;7.75381,49.42542;7.75363,49.42536;7.75054,49.42592;7.74932,49.4262;7.74835,49.42631','2004-10-19 10:23:54'),
                  (3,0,'31.168046,-32.120307;31.268046,-32.220307;31.368046,-32.320307','2004-10-19 10:23:54'),
                  (4,0,'41.168046,-42.120307;41.268046,-42.220307;41.368046,-42.320307','2004-10-30 10:23:54');


--added by Hafiz
INSERT INTO LASTPOSITION(id,busId, modificationCounter, lat, lon, "TIMESTAMP") VALUES
                 (1,5,0, 11.968046,-12.420307,'2004-10-19 10:23:54'),
                 (2,4,0, 21.968046,-22.420307,'2004-10-19 10:23:54'),
                 (3,3,0, 31.968046,-32.420307,'2004-10-19 10:23:54'),
                 (4,2,0, 41.968046,-42.420307,'2004-10-19 10:23:54'),
                 (5,1,0, 51.968046,-52.420307,'2004-10-25 10:23:54');
--------------------------------------------------
INSERT INTO STOP(
            id, modificationcounter,name, lat, lon, "TIMESTAMP")
    VALUES (1,0,'stop1', 11.968046,-12.420307,'2004-10-19 10:23:54'),
                 (2,0,'stop2', 21.968046,-22.420307,'2004-10-20 10:23:54'),
                 (3,0,'stop3', 31.968046,-32.420307,'2004-10-19 10:23:54'),
                 (4,0,'stop4', 41.968046,-42.420307,'2004-10-19 10:23:54'),
                 (5,0,'stop5', 51.968046,-52.420307,'2016-7-19 10:23:54');

INSERT INTO line_stop( id, line_id, stop_id, "TIMESTAMP") VALUES
		     (1, 1, 1, '2004-10-19 10:23:54'),
		     (2, 1, 2, '2004-10-19 10:23:54'),
		     (3, 1, 3, '2004-10-19 10:23:54'),
		     (4, 2, 4, '2004-10-19 10:23:54'),
		     (5, 2, 5, '2004-10-19 10:23:54');



INSERT INTO schedule(
            id, modificationcounter, lineId, lineName , stopId, arrivingTime, "TIMESTAMP") values
----- stops for line 1
            (1, 0, 1, 'line name1', 1, '1:1:1', '2004-10-19 10:23:54'),
            (2, 0, 1, 'line name1', 1, '1:1:2', '2004-10-19 10:23:54'),
            (3, 0, 1, 'line name1', 1, '1:1:3', '2004-10-19 10:23:54'),

            (4, 0, 1, 'line name1', 2, '1:2:1', '2004-10-19 10:23:54'),
            (5, 0, 1, 'line name1', 2, '1:2:2', '2004-10-19 10:23:54'),
            (6, 0, 1, 'line name1', 2, '1:2:3', '2004-10-19 10:23:54'),

            (7, 0, 1, 'line name1', 3, '1:3:1', '2004-10-19 10:23:54'),
            (8, 0, 1, 'line name1', 3, '1:3:2', '2004-10-19 10:23:54'),
            (9, 0, 1, 'line name1', 3, '1:3:3', '2004-10-19 10:23:54'),

------------------- stops for the line2

            (10, 0, 2, 'line name2', 4, '2:4:1', '2004-10-19 10:23:54'),
            (11, 0, 2, 'line name2', 4, '2:4:2', '2004-10-19 10:23:54'),
            (12, 0, 2, 'line name2', 4, '2:4:3', '2004-10-19 10:23:54'),

            (13, 0, 2, 'line name2', 5, '2:5:1', '2004-10-19 10:23:54'),
            (14, 0, 2, 'line name2', 5, '2:5:2', '2004-10-19 10:23:54'),
            (15, 0, 2, 'line name2', 5, '2:5:3', '2004-10-19 10:23:54');


